名次,学校名称,所在地区,类型,总分,科学研究,人才培养,综合声誉,办学类型,星级排名,办学层次
1,北京大学,北京,综合,100,100,100,100,中国研究型,6星级,中国顶尖大学
2,清华大学,北京,理工,97.8,98.71,96.61,99.26,中国研究型,6星级,中国顶尖大学
3,上海交通大学,上海,综合,81.08,85.89,78.26,73.66,中国研究型,5星级,中国一流大学
4,复旦大学,上海,综合,80.92,81.54,81.44,76.23,中国研究型,5星级,中国一流大学
5,武汉大学,湖北,综合,80.72,82.83,79.41,77.86,中国研究型,5星级,中国一流大学
6,浙江大学,浙江,综合,80.45,83.41,78.34,77.54,中国研究型,5星级,中国一流大学
7,中国人民大学,北京,综合,78.71,74.99,81.16,83.38,中国研究型,6星级,中国顶尖大学
8,南京大学,江苏,综合,78.3,78.29,78.8,76.14,中国研究型,5星级,中国一流大学
9,吉林大学,吉林,综合,76.03,77.15,76.37,69.97,中国研究型,5星级,中国一流大学
10,中山大学,广东,综合,75.33,77.28,73.87,73.72,中国研究型,5星级,中国一流大学
11,北京师范大学,北京,师范,74.35,74.66,74.34,73.11,中国研究型,5星级,中国一流大学
12,华中科技大学,湖北,理工,74.27,75.99,73.16,72.01,中国研究型,5星级,中国一流大学
13,四川大学,四川,综合,74.05,75.42,73.48,70.92,中国研究型,5星级,中国一流大学
14,中国科学技术大学,安徽,理工,72.98,74.17,72.47,70.41,中国研究型,5星级,中国一流大学
14,中国传媒大学,安徽,理工,72.98,74.17,72.47,70.41,中国研究型,5星级,中国一流大学
14,国防科技大学,安徽,理工,72.98,74.17,72.47,70.41,中国研究型,5星级,中国一流大学
15,南开大学,天津,综合,72.67,72.79,72.86,71.35,中国研究型,5星级,中国一流大学
16,山东大学,山东,综合,72.58,72.57,72.92,71.14,中国研究型,5星级,中国一流大学
17,中南大学,湖南,综合,72.28,73.2,71.6,71.53,中国研究型,5星级,中国一流大学
18,西安交通大学,陕西,综合,72.13,72.28,72.43,70.25,中国研究型,5星级,中国一流大学
19,厦门大学,福建,综合,71.66,71.95,71.08,73.01,中国研究型,5星级,中国一流大学
20,哈尔滨工业大学,黑龙江,理工,71.59,71.41,72.04,70.41,中国研究型,5星级,中国一流大学
21,北京航空航天大学,北京,理工,70.65,72.08,69.37,70.38,中国研究型,5星级,中国一流大学
22,同济大学,上海,理工,70.14,70,69.81,72.16,中国研究型,5星级,中国一流大学
23,天津大学,天津,理工,70.03,69.99,69.98,70.45,中国研究型,5星级,中国一流大学
24,华东师范大学,上海,师范,69.9,69.81,69.84,70.58,中国研究型,5星级,中国一流大学
25,东南大学,江苏,综合,69.69,69.33,69.88,70.32,中国研究型,5星级,中国一流大学
26,中国农业大学,北京,农林,68.46,67.36,68.99,70.64,行业特色研究型,5星级,中国一流大学
27,华南理工大学,广东,理工,68.38,67.48,68.32,72.34,中国研究型,4星级,中国高水平大学
28,湖南大学,湖南,综合,67.92,67.09,68.35,69.48,中国研究型,4星级,中国高水平大学
29,西北工业大学,陕西,理工,67.82,67.71,67.43,69.95,中国研究型,4星级,中国高水平大学
30,大连理工大学,辽宁,理工,67.81,66.84,68.49,68.87,中国研究型,4星级,中国高水平大学
31,北京协和医学院,北京,医药,67.58,68.23,66.67,68.87,行业特色研究型,5星级,中国一流大学
32,北京理工大学,北京,理工,67.33,66.28,67.77,69.76,中国研究型,4星级,中国高水平大学
33,重庆大学,重庆,综合,67.26,66.1,67.66,70.27,中国研究型,4星级,中国高水平大学
34,东北大学,辽宁,理工,67,65.62,67.66,69.79,中国研究型,4星级,中国高水平大学
35,中国矿业大学,江苏/北京,理工,66.79,66.46,66.59,68.99,行业特色研究型,4星级,中国高水平大学
36,华中师范大学,湖北,师范,66.72,66.3,66.82,68.05,行业特色研究型,4星级,中国高水平大学
37,西北大学,陕西,综合,66.67,66.49,66.81,66.85,区域研究型,4星级,中国高水平大学
38,兰州大学,甘肃,综合,66.62,64.62,67.92,69.2,中国研究型,4星级,中国高水平大学
39,北京科技大学,北京,理工,66.45,64.75,67.43,69.15,行业特色研究型,4星级,中国高水平大学
40,东北师范大学,吉林,师范,66.34,64.99,67,69.03,行业特色研究型,4星级,中国高水平大学
41,华东理工大学,上海,理工,66.08,65.54,65.98,68.71,行业特色研究型,4星级,中国高水平大学
42,电子科技大学,四川,理工,65.89,64.84,66.12,69.2,行业特色研究型,4星级,中国高水平大学
43,长安大学,陕西,理工,65.84,65.76,66.02,65.36,行业特色研究型,4星级,中国高水平大学
44,中国地质大学,湖北/北京,理工,65.81,64.19,66.62,68.99,行业特色研究型,4星级,中国高水平大学
44,华中农业大学,湖北,农林,65.81,65.09,66.16,67.23,行业特色研究型,4星级,中国高水平大学
46,北京交通大学,北京,理工,65.44,64.11,65.76,69.48,行业特色研究型,4星级,中国高水平大学
47,南京农业大学,江苏,农林,65.37,63.65,66.21,68.71,行业特色研究型,4星级,中国高水平大学
48,中国海洋大学,山东,综合,65.24,64.07,65.88,67.23,行业特色研究型,4星级,中国高水平大学
49,南京理工大学,江苏,理工,65.22,64.1,65.46,68.71,行业特色研究型,4星级,中国高水平大学
50,武汉理工大学,湖北,理工,65.15,64.13,65.64,67.23,行业特色研究型,4星级,中国高水平大学
50,西南大学,重庆,综合,65.15,63.15,66.45,67.72,区域研究型,4星级,中国高水平大学
52,苏州大学,江苏,综合,65.14,64.71,65.56,65.09,区域研究型,3星级,中国知名大学
52,西北农林科技大学,陕西,农林,65.14,64.01,65.79,66.9,行业特色研究型,4星级,中国高水平大学
54,南京师范大学,江苏,师范,65.1,63.66,66.44,65.21,区域特色研究型,4星级,中国高水平大学
54,中国石油大学,山东/北京,理工,65.1,63.43,65.8,68.87,行业特色研究型,4星级,中国高水平大学
56,云南大学,云南,综合,65.06,63.69,65.82,67.34,区域研究型,4星级,中国高水平大学
57,哈尔滨工程大学,黑龙江,理工,64.9,64.33,64.6,68.54,行业特色研究型,4星级,中国高水平大学
58,南京航空航天大学,江苏,理工,64.85,63.16,65.44,69.22,行业特色研究型,4星级,中国高水平大学
58,河海大学,江苏,理工,64.85,63.45,65.27,68.71,行业特色研究型,4星级,中国高水平大学
60,湖南师范大学,湖南,师范,64.75,62.99,65.99,66.57,区域研究型,3星级,中国知名大学
61,西南交通大学,四川,理工,64.73,62.4,66.02,68.71,行业特色研究型,4星级,中国高水平大学
62,暨南大学,广东,综合,64.67,63.64,65.34,66,区域研究型,3星级,中国知名大学
63,北京化工大学,北京,理工,64.57,63.86,64.71,66.9,行业特色研究型,4星级,中国高水平大学
64,郑州大学,河南,综合,64.55,62.46,66.21,65.91,区域研究型,3星级,中国知名大学
65,西安电子科技大学,陕西,理工,64.5,63.28,65.26,66.19,行业特色研究型,4星级,中国高水平大学
66,北京林业大学,北京,林业,64.48,62.66,65.14,69.05,行业特色研究型,4星级,中国高水平大学
67,中国政法大学,北京,政法,64.35,61.76,65.48,70.04,行业特色研究型,5星级,中国一流大学
68,合肥工业大学,安徽,理工,64.31,62.59,65.28,67.18,行业特色研究型,3星级,中国知名大学
69,北京邮电大学,北京,理工,64.26,63.55,64.36,66.74,行业特色研究型,4星级,中国高水平大学
70,华南师范大学,广东,师范,64.09,62.42,65.4,65.21,区域特色研究型,3星级,中国知名大学
71,陕西师范大学,陕西,师范,64.06,62.67,65.56,63.24,区域特色研究型,3星级,中国知名大学
72,中南财经政法大学,湖北,财经,64.04,62.22,65.48,65.21,行业特色研究型,5星级,中国一流大学
73,上海大学,上海,综合,64.03,62.43,65.27,65.26,区域研究型,3星级,中国知名大学
74,上海财经大学,上海,财经,64.02,62.29,64.75,67.89,行业特色研究型,5星级,中国一流大学
75,山西大学,山西,综合,64.01,62.96,65.25,62.96,区域研究型,3星级,中国知名大学
76,北京工业大学,北京,理工,63.97,62.86,64.83,64.76,区域研究型,3星级,中国知名大学
77,福州大学,福建,理工,63.96,62.54,64.62,66.9,区域研究型,3星级,中国知名大学
78,南昌大学,江西,综合,63.94,62.39,64.66,67.13,区域研究型,3星级,中国知名大学
79,首都医科大学,北京,医药,63.93,64.1,64.52,60.66,区域特色研究型,4星级,中国高水平大学
80,中央民族大学,北京,民族,63.87,61.78,65.08,67.23,行业特色研究型,4星级,中国高水平大学
81,江南大学,江苏,综合,63.78,62.38,64.34,67.06,区域特色研究型,3星级,中国知名大学
82,东华大学,上海,理工,63.71,62.22,64.84,64.88,行业特色研究型,4星级,中国高水平大学
83,辽宁大学,辽宁,综合,63.61,61.75,65.14,64.6,区域研究型,3星级,中国知名大学
84,华南农业大学,广东,农林,63.52,62.87,64.81,60.66,区域特色研究型,3星级,中国知名大学
85,太原理工大学,山西,理工,63.48,62.19,64.39,64.78,区域研究型,3星级,中国知名大学
86,首都师范大学,北京,师范,63.47,62.44,65.06,60.82,区域特色研究型,3星级,中国知名大学
86,新疆大学,新疆,综合,63.47,61.53,64.52,66.9,区域研究型,3星级,中国知名大学
88,安徽大学,安徽,综合,63.46,61.84,64.68,64.76,区域研究型,3星级,中国知名大学
89,河南大学,河南,综合,63.44,62.12,65.01,62.04,区域研究型,3星级,中国知名大学
89,海南大学,海南,综合,63.44,62.32,63.62,67.23,区域研究型,3星级,中国知名大学
91,华北电力大学,北京,理工,63.43,62.45,64.13,64.44,专业型,3星级,中国知名大学
92,东北林业大学,黑龙江,林业,63.42,61.9,64.67,64.27,区域特色研究型,3星级,中国知名大学
93,浙江工业大学,浙江,理工,63.41,63.11,64.29,60.84,专业型,3星级,中国知名大学
93,福建师范大学,福建,师范,63.41,62.6,64.81,60.66,区域特色研究型,3星级,中国知名大学
95,内蒙古大学,内蒙古,综合,63.4,61.87,64.41,65.26,区域研究型,3星级,中国知名大学
95,中央财经大学,北京,财经,63.4,60.88,64.26,69.99,专业型,4星级,中国高水平大学
97,西南财经大学,四川,财经,63.39,61.3,64.97,65.04,区域特色研究型,4星级,中国高水平大学
98,深圳大学,广东,综合,63.37,62.49,64.15,63.63,专业型,3星级,中国知名大学
99,广西大学,广西,综合,63.35,61.77,64.36,65.42,区域研究型,3星级,中国知名大学
100,贵州大学,贵州,综合,63.34,61.88,64.23,65.42,区域研究型,3星级,中国知名大学
101,北京中医药大学,北京,医药,63.31,62.46,63.81,64.6,行业特色研究型,4星级,中国高水平大学
102,湘潭大学,湖南,综合,63.28,62.36,64.46,61.97,区域研究型,3星级,中国知名大学
103,哈尔滨医科大学,黑龙江,医药,63.25,62.49,64.23,62.14,区域特色研究型,3星级,中国知名大学
104,黑龙江大学,黑龙江,综合,63.23,61.82,64.86,61.97,区域研究型,3星级,中国知名大学
104,南方医科大学,广东,医药,63.23,62.7,64.36,60.49,区域特色研究型,4星级,中国高水平大学
106,宁夏大学,宁夏,综合,63.2,61.96,63.56,66.74,区域研究型,3星级,中国知名大学
107,河北大学,河北,综合,63.19,61.8,64.55,62.96,区域研究型,3星级,中国知名大学
107,南京医科大学,江苏,医药,63.19,62.78,64.24,60.33,专业型,3星级,中国知名大学
109,昆明理工大学,云南,理工,63.18,62.34,64.26,61.97,区域研究型,3星级,中国知名大学
110,南京工业大学,江苏,理工,63.14,62.61,64.29,60.33,专业型,3星级,中国知名大学
111,扬州大学,江苏,综合,63.12,62.15,64.64,60.49,专业型,3星级,中国知名大学
112,燕山大学,河北,理工,63.09,62.18,64.26,61.81,区域研究型,3星级,中国知名大学
112,对外经济贸易大学,北京,财经,63.09,61.46,64.17,65.04,专业型,4星级,中国高水平大学
114,中国医科大学,辽宁,医药,63.04,62.3,64.38,60.33,区域特色研究型,3星级,中国知名大学
115,浙江师范大学,浙江,师范,63.01,62.17,64.36,60.61,专业型,3星级,中国知名大学
116,河北工业大学,河北,理工,62.98,61.4,63.77,66.03,专业型,3星级,中国知名大学
117,江苏大学,江苏,综合,62.96,62.18,64.32,60.33,专业型,3星级,中国知名大学
117,四川农业大学,四川,农林,62.96,61.53,63.96,64.44,区域特色研究型,3星级,中国知名大学
119,东北农业大学,黑龙江,农林,62.94,61.16,63.94,65.91,专业型,3星级,中国知名大学
120,山东师范大学,山东,师范,62.93,61.63,64.69,60.66,专业型,3星级,中国知名大学
121,天津医科大学,天津,医药,62.91,61.37,64.05,64.27,专业型,3星级,中国知名大学
122,西南政法大学,重庆,政法,62.9,61.4,64.82,60.77,行业特色研究型,4星级,中国高水平大学
123,上海理工大学,上海,理工,62.83,61.39,64.72,60.56,专业型,3星级,中国知名大学
124,山东农业大学,山东,农林,62.82,61.85,64.31,60.33,专业型,3星级,中国知名大学
125,中国药科大学,江苏,医药,62.81,61.36,63.85,64.27,行业特色研究型,4星级,中国高水平大学
126,重庆医科大学,重庆,医药,62.8,61.87,63.86,61.97,专业型,3星级,中国知名大学
127,上海师范大学,上海,师范,62.79,61.51,64.49,60.66,专业型,3星级,中国知名大学
128,北京外国语大学,北京,语言,62.77,60.73,64.16,65.04,专业型,5星级,中国一流大学
129,西北师范大学,甘肃,师范,62.74,61.18,64.4,61.97,专业型,3星级,中国知名大学
130,东北财经大学,辽宁,财经,62.69,61.06,64.77,60.33,专业型,4星级,中国高水平大学
131,安徽师范大学,安徽,师范,62.68,61.12,64.3,62.09,专业型,3星级,中国知名大学
131,湖北大学,湖北,综合,62.68,60.95,64.22,63.07,专业型,3星级,中国知名大学
133,西安建筑科技大学,陕西,理工,62.64,61.47,63.95,61.81,专业型,3星级,中国知名大学
134,延边大学,吉林,综合,62.62,60.58,63.79,65.91,区域研究型,3星级,中国知名大学
135,湖南农业大学,湖南,农林,62.61,61.38,63.93,61.97,区域特色研究型,3星级,中国知名大学
136,广州中医药大学,广东,医药,62.59,61.09,63.55,64.55,专业型,3星级,中国知名大学
137,上海中医药大学,上海,医药,62.57,61.8,63.86,60.16,专业型,4星级,中国高水平大学
138,天津师范大学,天津,师范,62.56,61.34,64.2,60.49,专业型,3星级,中国知名大学
139,江西师范大学,江西,师范,62.54,61.24,63.89,61.97,专业型, ,-
139,武汉科技大学,湖北,综合,62.54,61.19,63.85,62.41,专业型,3星级,中国知名大学
139,西安理工大学,陕西,理工,62.54,61.28,63.89,61.81,专业型,3星级,中国知名大学
142,大连海事大学,辽宁,理工,62.53,60.63,63.85,64.55,专业型,3星级,中国知名大学
142,西藏大学,西藏,综合,62.53,60.91,63.07,66.74,区域研究型, ,-
144,石河子大学,新疆,综合,62.52,61.52,63.44,62.63,专业型, ,-
145,福建农林大学,福建,农林,62.5,61.41,64.03,60.33,专业型, ,-
146,中北大学,山西,理工,62.49,61.52,63.53,61.92,专业型,3星级,中国知名大学
146,青海大学,青海,综合,62.49,60.81,63.1,66.74,区域研究型, ,-
148,山东科技大学,山东,理工,62.46,61.49,63.87,60.33,专业型,3星级,中国知名大学
148,河北师范大学,河北,师范,62.46,60.72,64.22,61.97,专业型,3星级,中国知名大学
150,上海外国语大学,上海,语言,62.44,60.58,63.7,64.6,专业型,4星级,中国高水平大学
151,南京林业大学,江苏,林业,62.41,61.25,63.99,60.33,专业型,3星级,中国知名大学
152,长沙理工大学,湖南,理工,62.39,61.45,63.42,61.81,专业型,3星级,中国知名大学
153,青岛大学,山东,综合,62.38,61.26,63.83,60.66,专业型, ,-
154,成都理工大学,四川,理工,62.37,61.17,63.6,61.97,专业型,3星级,中国知名大学
155,河北农业大学,河北,农林,62.36,61.03,63.74,61.81,专业型, ,-
156,沈阳农业大学,辽宁,农林,62.35,60.65,64.02,62.04,专业型, ,-
156,河南农业大学,河南,农林,62.35,61.21,63.55,61.76,专业型,3星级,中国知名大学
158,西南石油大学,四川,理工,62.34,61.06,63.66,61.81,专业型, ,-
159,长春理工大学,吉林,理工,62.33,61.01,63.67,61.92,专业型, ,-
159,哈尔滨理工大学,黑龙江,理工,62.33,61.1,63.61,61.81,专业型, ,-
161,宁波大学,浙江,综合,62.3,61.68,63.29,60.56,专业型, ,-
162,河北医科大学,河北,医药,62.28,60.76,63.83,61.81,专业型,3星级,中国知名大学
163,河南理工大学,河南,理工,62.26,61.03,63.56,61.64,专业型, ,-
163,兰州理工大学,甘肃,理工,62.26,61.14,63.43,61.81,专业型, ,-
163,河南师范大学,河南,师范,62.26,60.93,63.65,61.64,专业型, ,-
166,浙江理工大学,浙江,理工,62.25,61.64,63.25,60.44,专业型, ,-
166,内蒙古农业大学,内蒙古,农林,62.25,60.48,64.02,61.81,专业型, ,-
168,广西师范大学,广西,师范,62.24,60.83,63.59,62.14,专业型, ,-
168,江西财经大学,江西,财经,62.24,60.63,63.76,62.2,专业型,3星级,中国知名大学
168,安徽医科大学,安徽,医药,62.24,61.08,63.43,61.81,专业型,3星级,中国知名大学
168,天津中医药大学,天津,医药,62.24,61.18,63.72,60.16,专业型,4星级,中国高水平大学
172,兰州交通大学,甘肃,理工,62.22,60.84,63.62,61.81,专业型, ,-
172,天津工业大学,天津,理工,62.22,61.39,63.45,60.33,专业型, ,-
174,青岛科技大学,山东,理工,62.21,61.36,63.45,60.33,专业型, ,-
174,云南师范大学,云南,师范,62.21,60.85,63.51,62.14,专业型, ,-
176,杭州师范大学,浙江,师范,62.18,61.43,63.28,60.49,专业型, ,-
177,首都经济贸易大学,北京,财经,62.17,60.81,63.85,60.49,专业型,3星级,中国知名大学
178,华侨大学,福建,综合,62.16,60.93,63.59,61,专业型, ,-
178,安徽农业大学,安徽,农林,62.16,60.68,63.64,61.81,专业型, ,-
178,四川师范大学,四川,师范,62.16,60.66,63.57,62.14,专业型, ,-
181,中南林业科技大学,湖南,林业,62.15,60.76,63.54,61.81,专业型, ,-
181,吉林农业大学,吉林,农林,62.15,60.78,63.53,61.81,专业型, ,-
183,内蒙古师范大学,内蒙古,师范,62.14,60.45,63.8,61.81,专业型, ,-
184,温州医科大学,浙江,医药,62.13,61.47,63.18,60.33,专业型,3星级,中国知名大学
185,南京邮电大学,江苏,理工,62.12,61.2,63.43,60.16,专业型, ,-
185,辽宁工程技术大学,辽宁,理工,62.12,60.62,63.65,61.64,专业型, ,-
187,辽宁师范大学,辽宁,师范,62.11,60.64,63.96,60.16,专业型, ,-
188,沈阳工业大学,辽宁,理工,62.1,61.17,63.42,60.16,专业型, ,-
189,华东政法大学,上海,政法,62.09,60.65,63.81,60.49,专业型,3星级,中国知名大学
189,哈尔滨师范大学,黑龙江,师范,62.09,60.72,63.8,60.33,专业型, ,-
191,广州大学,广东,综合,62.08,61.11,63.25,60.99,专业型, ,-
191,南京中医药大学,江苏,医药,62.08,60.81,63.73,60.16,专业型,3星级,中国知名大学
193,江西农业大学,江西,农林,62.07,60.56,63.56,61.81,专业型, ,-
194,汕头大学,广东,综合,62.05,60.93,63.52,60.33,专业型, ,-
194,浙江工商大学,浙江,财经,62.05,61.08,63.33,60.44,专业型,3星级,中国知名大学
196,贵州师范大学,贵州,师范,62.02,60.83,63.2,61.81,专业型, ,-
197,山西师范大学,山西,师范,62.01,60.53,63.45,61.81,专业型, ,-
197,成都中医药大学,四川,医药,62.01,60.83,63.56,60.16,专业型,3星级,中国知名大学
199,长江大学,湖北,综合,62,60.63,63.33,61.81,应用型, ,-
199,西安科技大学,陕西,理工,62,60.55,63.42,61.81,专业型, ,-
201,云南农业大学,云南,农林,61.99,61.07,63.28,60.16,应用型,-,-
202,安徽理工大学,安徽,理工,61.98,60.54,63.38,61.81,应用型,-,-
202,广东工业大学,广东,理工,61.98,60.76,63.52,60.33,应用型,-,-
202,甘肃农业大学,甘肃,农林,61.98,60.42,63.5,61.81,应用型,-,-
202,北京语言大学,北京,语言,61.98,60.74,63.5,60.49,专业型,4星级,中国高水平大学
206,大连医科大学,辽宁,医药,61.97,60.54,63.36,61.81,应用型,-,-
206,河南工业大学,河南,理工,61.97,60.75,63.2,61.64,应用型,-,-
206,广东外语外贸大学,广东,语言,61.97,60.72,63.49,60.49,专业型,3星级,中国知名大学
206,曲阜师范大学,山东,师范,61.97,60.59,63.69,60.16,应用型,-,-
206,天津财经大学,天津,财经,61.97,60.58,63.7,60.16,应用型,-,-
211,重庆邮电大学,重庆,理工,61.96,60.8,63.09,61.81,应用型,-,-
211,新疆农业大学,新疆,农林,61.96,60.53,63.34,61.81,应用型,-,-
211,湖南科技大学,湖南,综合,61.96,60.97,63.32,60.16,应用型,-,-
211,东北石油大学,黑龙江,理工,61.96,60.73,63.58,60,应用型,-,-
211,南京信息工程大学,江苏,理工,61.96,60.93,63.36,60.16,应用型,-,-
216,江苏师范大学,江苏,师范,61.95,60.85,63.36,60.33,应用型,-,-
217,沈阳药科大学,辽宁,医药,61.94,60.5,63.7,60.16,专业型,4星级,中国高水平大学
218,重庆交通大学,重庆,理工,61.93,61.07,63.16,60.16,应用型,-,-
219,济南大学,山东,综合,61.92,60.88,63.28,60.33,应用型,-,-
219,安徽工业大学,安徽,理工,61.92,60.68,63.15,61.64,应用型,-,-
221,东北电力大学,吉林,理工,61.91,60.6,63.22,61.64,应用型,-,-
221,广州医科大学,广东,医药,61.91,60.99,63.16,60.33,应用型,-,-
223,武汉纺织大学,湖北,理工,61.9,60.71,63.04,61.81,应用型,-,-
224,重庆工商大学,重庆,财经,61.89,60.7,62.99,61.97,应用型,-,-
224,北京工商大学,北京,财经,61.89,60.71,63.3,60.66,应用型,-,-
226,杭州电子科技大学,浙江,理工,61.88,60.85,63.23,60.28,应用型,-,-
227,中南民族大学,湖北,民族,61.87,60.84,63.23,60.16,应用型,-,-
227,广西医科大学,广西,医药,61.87,60.3,63.36,61.81,应用型,-,-
229,烟台大学,山东,综合,61.86,60.79,63.26,60.16,应用型,-,-
229,南通大学,江苏,综合,61.86,60.83,63.22,60.16,应用型,-,-
231,上海海洋大学,上海,农林,61.84,60.79,63.22,60.16,应用型,-,-
231,陕西科技大学,陕西,理工,61.84,60.29,63.31,61.81,应用型,-,-
233,青岛理工大学,山东,理工,61.83,60.78,63.2,60.16,应用型,-,-
233,黑龙江中医药大学,黑龙江,医药,61.83,60.56,63.47,60,专业型,3星级,中国知名大学
233,新疆医科大学,新疆,医药,61.83,60.6,63.38,60.16,应用型,-,-
236,天津科技大学,天津,理工,61.82,60.6,63.36,60.16,应用型,-,-
236,西南科技大学,四川,理工,61.82,60.86,63.1,60.16,应用型,-,-
236,新疆师范大学,新疆,师范,61.82,60.39,63.18,61.81,应用型,-,-
239,湖北工业大学,湖北,理工,61.81,60.46,63.08,61.81,应用型,-,-
239,山西医科大学,山西,医药,61.81,60.5,63.44,60.16,应用型,-,-
239,青海民族大学,青海,民族,61.81,60.37,63.22,61.64,应用型,-,-
239,石家庄铁道大学,河北,理工,61.81,60.72,63.26,60,应用型,-,-
243,广西民族大学,广西,民族,61.8,60.32,63.2,61.81,应用型,-,-
243,上海海事大学,上海,理工,61.8,60.55,63.36,60.16,应用型,-,-
243,湖南中医药大学,湖南,医药,61.8,60.68,63.23,60.16,应用型,-,-
246,浙江农林大学,浙江,林业,61.79,60.88,63.02,60.16,应用型,-,-
246,武汉工程大学,湖北,理工,61.79,60.38,63.12,61.81,应用型,-,-
248,温州大学,浙江,综合,61.78,60.59,63.16,60.67,应用型,-,-
248,南华大学,湖南,综合,61.78,60.57,63.29,60.16,应用型,-,-
248,江西理工大学,江西,理工,61.78,60.56,63.32,60.16,应用型,-,-
248,贵阳医学院,贵州,医药,61.78,60.35,63.12,61.81,应用型,-,-
248,哈尔滨商业大学,黑龙江,财经,61.78,60.31,63.17,61.81,应用型,-,-
253,三峡大学,湖北,综合,61.77,60.74,63.12,60.16,应用型,-,-
253,重庆师范大学,重庆,师范,61.77,60.56,63.25,60.33,应用型,-,-
253,福建医科大学,福建,医药,61.77,60.5,63.34,60.16,应用型,-,-
253,山西财经大学,山西,财经,61.77,60.29,63.16,61.81,应用型,-,-
253,大连工业大学,辽宁,理工,61.77,60.73,63.12,60.16,应用型,-,-
258,西华大学,四川,综合,61.76,60.17,63.22,61.92,应用型,-,-
258,在,辽宁,理工,61.76,60.27,63.17,61.81,应用型,-,-
258,山东财经大学,山东,财经,61.76,60.68,63.11,60.33,应用型,-,-
258,沈阳师范大学,辽宁,师范,61.76,60.5,63.33,60.16,应用型,-,-
258,山东理工大学,山东,理工,61.76,60.6,63.23,60.16,应用型,-,-
263,景德镇陶瓷学院,江西,理工,61.75,60.75,63.06,60.16,应用型,-,-
264,东华理工大学,江西,理工,61.74,60.63,63.14,60.16,应用型,-,-
264,安徽财经大学,安徽,财经,61.74,60.24,63.14,61.81,应用型,-,-
264,常州大学,江苏,理工,61.74,60.67,62.99,60.66,应用型,-,-
264,山东中医药大学,山东,医药,61.74,60.42,63.37,60.16,应用型,-,-
268,中国民航大学,天津,理工,61.73,60.62,63.1,60.33,应用型,-,-
268,重庆理工大学,重庆,理工,61.73,60.68,63,60.49,应用型,-,-
268,桂林理工大学,广西,理工,61.73,60.7,63.11,60,应用型,-,-
268,长春中医药大学,吉林,医药,61.73,60.29,63.11,61.64,应用型,-,-
272,中国计量学院,浙江,理工,61.72,60.76,62.99,60.16,应用型,-,-
272,太原科技大学,山西,理工,61.72,60.57,63.2,60,应用型,-,-
274,桂林电子科技大学,广西,理工,61.71,60.59,63.14,60.16,应用型,-,-
274,聊城大学,山东,综合,61.71,60.44,63.26,60.16,应用型,-,-
276,华北水利水电大学,河南,理工,61.7,60.15,63.18,61.64,应用型,-,-
276,华东交通大学,江西,理工,61.7,60.45,63.23,60.16,应用型,-,-
276,天津理工大学,天津,理工,61.7,60.52,63.17,60.16,应用型,-,-
276,北京建筑大学,北京,理工,61.7,60.66,63.07,60,应用型,-,-
276,浙江中医药大学,浙江,医药,61.7,60.5,63.18,60.16,应用型,-,-
281,河南科技大学,河南,理工,61.69,60.41,63.3,60,应用型,-,-
281,河北科技大学,河北,理工,61.69,60.32,63.33,60.16,应用型,-,-
283,河北联合大学,河北,理工,61.68,60.4,63.25,60.16,应用型,-,-
284,海南师范大学,海南,师范,61.67,60.56,63.02,60.33,应用型,-,-
284,大连大学,辽宁,综合,61.67,60.53,63.1,60.16,应用型,-,-
284,河南中医学院,河南,医药,61.67,60.14,63.09,61.81,应用型,-,-
284,云南民族大学,云南,民族,61.67,60.42,63.21,60.16,应用型,-,-
284,吉首大学,湖南,综合,61.67,60.16,63.05,61.81,应用型,-,-
284,西北政法大学,陕西,政法,61.67,60.22,63.4,60.16,专业型,-,-
290,辽宁中医药大学,辽宁,医药,61.66,60.42,63.18,60.16,应用型,-,-
290,昆明医科大学,云南,医药,61.66,60.08,63.11,61.81,应用型,-,-
290,大连交通大学,辽宁,理工,61.66,60.6,63.06,60,应用型,-,-
293,山东建筑大学,山东,理工,61.65,60.48,63.09,60.16,应用型,-,-
293,宁夏医科大学,宁夏,医药,61.65,60.5,63.07,60.16,应用型,-,-
293,青海师范大学,青海,师范,61.65,60.45,63.12,60.16,应用型,-,-
293,山西农业大学,山西,农林,61.65,60.18,63.38,60.16,应用型,-,-
293,西藏民族学院,西藏,民族,61.65,60.25,62.94,61.81,应用型,-,-
293,塔里木大学,新疆,农林,61.65,60.29,62.94,61.64,应用型,-,-
299,青岛农业大学,山东,农林,61.64,60.43,63.12,60.16,应用型,-,-
300,南昌航空大学,江西,理工,61.62,60.4,63.12,60.16,应用型,-,-
300,成都信息工程学院,四川,理工,61.62,60.14,62.96,61.81,应用型,-,-
300,鲁东大学,山东,综合,61.62,60.42,63.09,60.16,应用型,-,-
300,西北民族大学,甘肃,民族,61.62,60.33,63.18,60.16,应用型,-,-
300,内蒙古科技大学,内蒙古,综合,61.62,60.3,63.24,60,应用型,-,-
300,黑龙江八一农垦大学,黑龙江,农林,61.62,60.48,63.06,60,应用型,-,-
306,西安工业大学,陕西,理工,61.61,60.37,63.07,60.33,应用型,-,-
306,湖北中医药大学,湖北,医药,61.61,60.23,63.26,60.16,应用型,-,-
306,江苏科技大学,江苏,理工,61.61,60.44,63.04,60.16,应用型,-,-
309,西华师范大学,四川,师范,61.6,60.21,63.24,60.16,应用型,-,-
309,西安石油大学,陕西,理工,61.6,60.39,63.08,60.16,应用型,-,-
309,内蒙古工业大学,内蒙古,理工,61.6,60.21,63.29,60,应用型,-,-
309,齐鲁工业大学,山东,理工,61.6,60.42,63.09,60,应用型,-,-
313,吉林师范大学,吉林,师范,61.59,60.27,63.2,60,应用型,-,-
313,武汉轻工大学,湖北,理工,61.59,60.48,62.97,60.16,应用型,-,-
313,南京财经大学,江苏,财经,61.59,60.39,63.05,60.16,应用型,-,-
313,广西中医药大学,广西,医药,61.59,60.06,63.02,61.64,应用型,-,-
313,内蒙古医科大学,内蒙古,医药,61.59,60.02,63.05,61.64,应用型,-,-
318,吉林化工学院,吉林,理工,61.58,60.57,62.9,60,应用型,-,-
318,辽宁工业大学,辽宁,理工,61.58,60.05,63.01,61.64,应用型,-,-
318,河北经贸大学,河北,财经,61.58,60.35,63.08,60.16,应用型,-,-
318,浙江财经大学,浙江,财经,61.58,60.38,63.05,60.16,应用型,-,-
318,徐州医学院,江苏,医药,61.58,60.42,63.05,60,应用型,-,-
323,广东财经大学,广东,财经,61.57,60.27,63.09,60.33,应用型,-,-
323,云南财经大学,云南,财经,61.57,60.21,63.17,60.16,应用型,-,-
323,辽宁科技大学,辽宁,理工,61.57,60.19,63.23,60,应用型,-,-
326,集美大学,福建,综合,61.56,60.26,63.06,60.33,应用型,-,-
326,天津商业大学,天津,财经,61.56,60.33,63.05,60.16,应用型,-,-
326,佳木斯大学,黑龙江,综合,61.56,60.23,63.18,60,应用型,-,-
329,长春工业大学,吉林,理工,61.55,60.21,63.15,60.16,应用型,-,-
329,北方工业大学,北京,理工,61.55,60.26,63.08,60.16,应用型,-,-
329,福建中医药大学,福建,医药,61.55,60.31,63.04,60.16,应用型,-,-
329,外交学院,北京,语言,61.55,60.06,63.2,60.49,专业型,4星级,中国高水平大学
333,绍兴文理学院,浙江,师范,61.54,60.35,62.98,60.16,应用型,-,-
333,西安工程大学,陕西,理工,61.54,60.2,63.14,60.16,应用型,-,-
333,四川理工学院,四川,理工,61.54,60.02,62.96,61.64,应用型,-,-
336,赣南师范学院,江西,师范,61.53,60.29,63.02,60.16,应用型,-,-
336,喀什师范学院,新疆,师范,61.53,60.04,62.91,61.64,应用型,-,-
338,安徽工程大学,安徽,理工,61.52,60.13,63.04,60.61,应用型,-,-
338,临沂大学,山东,师范,61.52,60.28,62.95,60.44,应用型,-,-
338,西南民族大学,四川,民族,61.52,60.47,62.84,60.16,应用型,-,-
338,西南林业大学,云南,林业,61.52,60.18,63.06,60.33,应用型,-,-
338,湖南工业大学,湖南,理工,61.52,60.19,63.09,60.16,应用型,-,-
338,泸州医学院,四川,医药,61.52,60.2,63.08,60.16,应用型,-,-
338,齐齐哈尔大学,黑龙江,综合,61.52,60.18,63.13,60,应用型,-,-
345,吉林财经大学,吉林,财经,61.51,60.18,63.09,60.16,应用型,-,-
345,广东医学院,广东,医药,61.51,60.31,63,60,应用型,-,-
345,国际关系学院,北京,政法,61.51,60.05,63.01,60.99,专业型,3星级,中国知名大学
345,北京信息科技大学,北京,理工,61.51,60.34,62.92,60.16,应用型,-,-
349,北华大学,吉林,综合,61.5,60.15,63.13,60,应用型,-,-
349,沈阳航空航天大学,辽宁,理工,61.5,60.24,63.01,60.16,应用型,-,-
349,北京联合大学,北京,综合,61.5,60.25,62.96,60.33,应用型,-,-
349,安徽中医药大学,安徽,医药,61.5,60.2,63.03,60.16,应用型,-,-
349,郑州轻工业学院,河南,理工,61.5,60.13,63.1,60.16,应用型,-,-
349,贵州财经大学,贵州,财经,61.5,60.23,63.05,60,应用型,-,-
349,江西中医药大学,江西,医药,61.5,60.27,63.01,60,应用型,-,-
349,西安外国语大学,陕西,语言,61.5,60.08,63.07,60.49,专业型,3星级,中国知名大学
357,延安大学,陕西,综合,61.49,60.04,63.16,60.16,应用型,-,-
357,上海工程技术大学,上海,理工,61.49,60.23,62.99,60.16,应用型,-,-
357,渤海大学,辽宁,综合,61.49,60.14,63.1,60,应用型,-,-
357,新疆财经大学,新疆,财经,61.49,60.24,63.02,60,应用型,-,-
357,内蒙古民族大学,内蒙古,综合,61.49,60.25,63.01,60,应用型,-,-
357,北京第二外国语学院,北京,语言,61.49,60.15,63.03,60.33,专业型,3星级,中国知名大学
363,南京审计学院,江苏,财经,61.48,60.29,62.91,60.16,应用型,-,-
363,北京农学院,北京,农林,61.48,60.26,62.94,60.16,应用型,-,-
363,浙江海洋学院,浙江,农林,61.48,60.35,62.9,60,应用型,-,-
363,大连民族学院,辽宁,民族,61.48,60.29,62.94,60,应用型,-,-
367,苏州科技学院,江苏,理工,61.47,60.17,63.01,60.16,应用型,-,-
367,天津城建大学,天津,理工,61.47,60.25,62.95,60,应用型,-,-
367,四川外国语大学,重庆,语言,61.47,60.04,63.12,60.16,专业型,3星级,中国知名大学
370,上海电力学院,上海,理工,61.46,60.24,62.96,60,应用型,-,-
370,沈阳大学,辽宁,综合,61.46,60.14,63,60.16,应用型,-,-
370,广东药学院,广东,医药,61.46,60.19,62.97,60.16,应用型,-,-
370,新乡医学院,河南,医药,61.46,60.12,63.07,60,应用型,-,-
370,辽宁医学院,辽宁,医药,61.46,60.13,63.06,60,应用型,-,-
370,安徽建筑大学,安徽,理工,61.46,60.24,62.95,60,应用型,-,-
376,北京服装学院,北京,理工,61.45,60.11,62.98,60.33,应用型,-,-
376,沈阳理工大学,辽宁,理工,61.45,60.08,63.07,60,应用型,-,-
376,广西师范学院,广西,师范,61.45,60.09,63.07,60,应用型,-,-
376,遵义医学院,贵州,医药,61.45,60.12,63.04,60,应用型,-,-
376,潍坊医学院,山东,医药,61.45,60.09,63.07,60,应用型,-,-
376,北方民族大学,宁夏,民族,61.45,60.21,62.96,60,应用型,-,-
376,商丘师范学院,河南,师范,61.45,60.71,62.49,60,应用型,-,-
376,沈阳化工大学,辽宁,理工,61.45,60.11,63.05,60,应用型,-,-
384,广东海洋大学,广东,农林,61.44,60.17,62.98,60,应用型,-,-
384,广西科技大学,广西,理工,61.44,60.14,62.93,60.33,应用型,-,-
384,泰山医学院,山东,医药,61.44,60.15,62.99,60,应用型,-,-
384,贵州民族大学,贵州,民族,61.44,60.21,62.95,60,应用型,-,-
384,淮北师范大学,安徽,师范,61.44,60.12,63.02,60,应用型,-,-
384,中国青年政治学院,北京,政法,61.44,60.13,63.01,60,应用型,-,-
384,黑龙江科技大学,黑龙江,理工,61.44,60.11,63.04,60,应用型,-,-
384,大连外国语大学,辽宁,语言,61.44,60.11,63.04,60,专业型,3星级,中国知名大学
392,中原工学院,河南,理工,61.43,60.05,63.02,60.16,应用型,-,-
392,信阳师范学院,河南,师范,61.43,60.11,63.02,60,应用型,-,-
392,江苏理工学院,江苏,师范,61.43,60.2,62.89,60.16,应用型,-,-
392,长春师范大学,吉林,师范,61.43,60.14,62.93,60.16,应用型,-,-
392,大连海洋大学,辽宁,农林,61.43,60.08,62.99,60.16,应用型,-,-
392,山东工商学院,山东,财经,61.43,60.18,62.95,60,应用型,-,-
392,河北工程大学,河北,理工,61.43,60.09,63.02,60,应用型,-,-
392,甘肃政法学院,甘肃,政法,61.43,60.2,62.93,60,应用型,-,-
392,滨州医学院,山东,医药,61.43,60.13,62.98,60,应用型,-, 
392,湖州师范学院,浙江,师范,61.43,60.19,62.94,60,应用型,-,-
392,辽宁石油化工大学,辽宁,理工,61.43,60.07,63.04,60,应用型,-,-
392,皖南医学院,安徽,医药,61.43,60.08,63.04,60,应用型,-,-
392,上海对外经贸大学,上海,财经,61.43,60.13,62.99,60,应用型,-,-
392,吉林建筑大学,吉林,理工,61.43,60.15,62.96,60,应用型,-,-
406,天津外国语大学,天津,语言,61.42,60.03,63.02,60.16,应用型,-,-
406,北京印刷学院,北京,理工,61.42,60.08,62.97,60.16,应用型,-,-
406,兰州商学院,甘肃,财经,61.42,60.05,63.01,60.16,应用型,-,-
406,湖北民族学院,湖北,民族,61.42,60.13,62.96,60,应用型,-,-
410,西安财经学院,陕西,财经,61.41,60.15,62.93,60,应用型,-,-
410,甘肃中医学院,甘肃,医药,61.41,60.1,62.98,60,应用型,-,-
410,内蒙古财经大学,内蒙古,财经,61.41,60.15,62.92,60,应用型,-,-
410,天津职业技术师范大学,天津,师范,61.41,60.04,63.03,60,应用型,-,-
414,阜阳师范学院,安徽,师范,61.4,60.07,62.97,60,应用型,-,-
414,江汉大学,湖北,综合,61.4,60.13,62.9,60.16,应用型,-,-
414,北京物资学院,北京,财经,61.4,60.09,62.93,60.16,应用型,-,-
414,五邑大学,广东,综合,61.4,60.02,63,60.16,应用型,-,-
414,西安邮电大学,陕西,理工,61.4,60.08,62.97,60,应用型,-,-
414,淮阴师范学院,江苏,师范,61.4,60.13,62.92,60,应用型,-,-
414,闽南师范大学,福建,师范,61.4,60.09,62.96,60,应用型,-,-
414,蚌埠医学院,安徽,医药,61.4,60.03,63.02,60,应用型,-,-
422,云南中医学院,云南,医药,61.39,60.01,63,60,应用型,-,-
422,嘉兴学院,浙江,综合,61.39,60.11,62.89,60.16,应用型,-,-
422,井冈山大学,江西,综合,61.39,60.08,62.9,60.16,应用型,-,-
422,南京工程学院,江苏,理工,61.39,60.05,62.97,60,应用型,-,-
422,石家庄经济学院,河北,财经,61.39,60.08,62.96,60,应用型,-,-
422,安庆师范学院,安徽,师范,61.39,60.08,62.94,60,应用型,-,-
422,上海应用技术学院,上海,理工,61.39,60.13,62.9,60,应用型,-,-
422,盐城师范学院,江苏,师范,61.39,60.15,62.9,60,应用型,-,-
422,陕西中医学院,陕西,医药,61.39,60.05,62.98,60,应用型,-,-
422,常州工学院,江苏,理工,61.39,60.11,62.92,60,应用型,-,-
432,湖南文理学院,湖南,综合,61.38,60.07,62.94,60,应用型,-,-
432,沈阳医学院,辽宁,医药,61.38,60.03,62.93,60.16,应用型,-,-
432,海南医学院,海南,医药,61.38,60.05,62.91,60.16,应用型,-,-
432,太原师范学院,山西,师范,61.38,60.09,62.89,60.16,应用型,-,-
432,天津农学院,天津,农林,61.38,60.1,62.91,60,应用型,-,-
432,南阳师范学院,河南,师范,61.38,60.12,62.89,60,应用型,-,-
432,天水师范学院,甘肃,师范,61.38,60.11,62.9,60,应用型,-,-
432,大理学院,云南,综合,61.38,60.06,62.94,60,应用型,-,-
432,伊犁师范学院,新疆,师范,61.38,60.1,62.9,60,应用型,-,-
441,长春大学,吉林,综合,61.37,60.04,62.9,60.16,应用型,-,-
441,九江学院,江西,综合,61.37,60.06,62.9,60.16,应用型,-,-
441,重庆文理学院,重庆,综合,61.37,60.1,62.89,60,应用型,-,-
441,浙江科技学院,浙江,理工,61.37,60.1,62.89,60,应用型,-,-
441,德州学院,山东,综合,61.37,60.06,62.92,60,应用型,-,-
441,成都学院,四川,综合,61.37,60.06,62.93,60,应用型,-,-
441,济宁医学院,山东,医药,61.37,60.04,62.94,60,应用型,-,-
441,淮海工学院,江苏,理工,61.37,60.04,62.93,60,应用型,-,-
441,湛江师范学院,广东,师范,61.37,60.07,62.92,60,应用型,-,-
441,皖西学院,安徽,师范,61.37,60.08,62.89,60,应用型,-,-
441,盐城工学院,江苏,理工,61.37,60.08,62.9,60,应用型,-,-
441,河北北方学院,河北,医药,61.37,60.04,62.94,60,应用型,-,-
441,贵阳中医学院,贵州,医药,61.37,60,62.99,60,应用型,-,-
441,重庆三峡学院,重庆,综合,61.37,60.1,62.89,60,应用型,-,-
441,北华航天工业学院,河北,理工,61.37,60.01,62.97,60,应用型,-,-
456,东莞理工学院,广东,理工,61.36,60.04,62.89,60.16,应用型,-,-
456,绵阳师范学院,四川,师范,61.36,60.06,62.92,60,应用型,-,-
456,河西学院,甘肃,综合,61.36,60.04,62.92,60,应用型,-,-
456,北京电子科技学院,北京,理工,61.36,60,62.89,60.33,应用型,-,-
456,贵州师范学院,贵州,师范,61.36,60.09,62.45,61.81,应用型,-,-
456,安徽科技学院,安徽,师范,61.36,60.02,62.89,60.16,应用型,-,-
456,宜宾学院,四川,综合,61.36,60.04,62.89,60.16,应用型,-,-
456,上海第二工业大学,上海,理工,61.36,60.04,62.92,60,应用型,-,-
456,山西中医学院,山西,医药,61.36,60.08,62.89,60,应用型,-,-
456,北京石油化工学院,北京,理工,61.36,60.06,62.9,60,应用型,-,-
456,长沙学院,湖南,理工,61.36,60.06,62.9,60,应用型,-,-
456,河南财经政法大学,河南,财经,61.36,60.23,62.75,60,应用型,-,-
456,华北科技学院,河北,理工,61.36,60.05,62.92,60,应用型,-,-
456,衡阳师范学院,湖南,师范,61.36,60.06,62.89,60,应用型,-,-
456,牡丹江师范学院,黑龙江,师范,61.36,60.02,62.95,60,应用型,-,-
456,曲靖师范学院,云南,师范,61.36,60.05,62.9,60,应用型,-,-
472,中国民用航空飞行学院,四川,理工,61.35,60,62.9,60.16,应用型,-,-
472,潍坊学院,山东,综合,61.35,60.02,62.89,60.16,应用型,-,-
472,湖北文理学院,湖北,综合,61.35,60.05,62.89,60,应用型,-,-
472,长江师范学院,重庆,师范,61.35,60.06,62.89,60,应用型,-,-
472,咸阳师范学院,陕西,师范,61.35,60.07,62.88,60,应用型,-,-
472,桂林医学院,广西,医药,61.35,60.01,62.94,60,应用型,-,-
472,玉林师范学院,广西,师范,61.35,60.06,62.88,60,应用型,-,-
472,承德医学院,河北,医药,61.35,60.01,62.92,60,应用型,-,-
472,通化师范学院,吉林,师范,61.35,60.04,62.89,60,应用型,-,-
472,牡丹江医学院,黑龙江,医药,61.35,60.06,62.89,60,应用型,-,-
482,长春工程学院,吉林,理工,61.34,60.03,62.9,60,应用型,-,-
482,湖南工程学院,湖南,理工,61.34,60.02,62.9,60,应用型,-,-
482,泉州师范学院,福建,师范,61.34,60.03,62.9,60,应用型,-,-
482,赣南医学院,江西,医药,61.34,60.03,62.89,60,应用型,-,-
482,淮阴工学院,江苏,理工,61.34,60.03,62.89,60,应用型,-,-
482,鞍山师范学院,辽宁,师范,61.34,60.03,62.88,60,应用型,-,-
482,湖北汽车工业学院,湖北,理工,61.34,60.02,62.9,60,应用型,-,-
482,上饶师范学院,江西,师范,61.34,60.02,62.89,60,应用型,-,-
482,运城学院,山西,综合,61.34,60.01,62.91,60,应用型,-,-
482,淮南师范学院,安徽,师范,61.34,60.03,62.89,60,应用型,-,-
482,楚雄师范学院,云南,师范,61.34,60.03,62.89,60,应用型,-,-
482,昌吉学院,新疆,综合,61.34,60.03,62.88,60,应用型,-,-
482,吉林工程技术师范学院,吉林,师范,61.34,60.02,62.89,60,应用型,-,-
495,湖南商学院,湖南,财经,61.33,60.3,62.57,60.16,应用型,-,-
495,长治医学院,山西,医药,61.33,60,62.9,60,应用型,-,-
495,韶关学院,广东,综合,61.33,60.01,62.89,60,应用型,-,-
495,南阳理工学院,河南,理工,61.33,60.01,62.88,60,应用型,-,-
495,唐山师范学院,河北,师范,61.33,60.01,62.88,60,应用型,-,-
495,唐山学院,河北,理工,61.33,60,62.88,60,应用型,-, 
495,哈尔滨学院,黑龙江,综合,61.33,60,62.89,60,应用型,-,-
495,黑龙江工程学院,黑龙江,理工,61.33,60.01,62.89,60,应用型,-,-
495,安阳工学院,河南,理工,61.33,60.01,62.88,60,应用型,-,-
495,攀枝花学院,四川,综合,61.33,60,62.89,60,应用型,-,-
495,忻州师范学院,山西,师范,61.33,60,62.9,60,应用型,-,-
495,齐齐哈尔医学院,黑龙江,医药,61.33,60.02,62.89,60,应用型,-,-
495,玉溪师范学院,云南,师范,61.33,60.01,62.89,60,应用型,-,-
495,河南城建学院,河南,理工,61.33,60,62.88,60,应用型,-,-
495,呼伦贝尔学院,内蒙古,综合,61.33,60,62.89,60,应用型,-,-
495,廊坊师范学院,河北,师范,61.33,60.02,62.89,60,应用型,-,-
495,河北建筑工程学院,河北,理工,61.33,60,62.89,60,应用型,-,-
495,黑龙江工业学院,黑龙江,理工,61.33,60,62.88,60,应用型,-,-
495,河套学院,内蒙古,综合,61.33,60,62.88,60,应用型,-,-
495,太原学院,山西,综合,61.33,60,62.88,60,应用型,-,-
495,首钢工学院,北京,理工,61.33,60,62.88,60,应用型,-,-
516,江西科技师范大学,江西,师范,61.23,60.08,62.53,60.33,应用型,-,-
516,西安医学院,陕西,医药,61.23,60.03,62.49,60.66,应用型,-,-
518,上海政法学院,上海,政法,61.22,60.16,62.46,60.16,应用型,-,-
519,湖南科技学院,湖南,综合,61.21,60.04,62.57,60.16,应用型,-,-
519,洛阳师范学院,河南,师范,61.21,60.13,62.47,60.16,应用型,-,-
519,宁波工程学院,浙江,理工,61.21,60.2,62.46,60,应用型,-,-
522,惠州学院,广东,综合,61.2,60.06,62.5,60.23,应用型,-,-
522,郑州航空工业管理学院,河南,财经,61.2,60.09,62.53,60,应用型,-,-
524,福建工程学院,福建,理工,61.19,60.12,62.46,60,应用型,-,-
524,广东技术师范学院,广东,师范,61.19,60.11,62.49,60,应用型,-,-
524,川北医学院,四川,医药,61.19,60.1,62.49,60,应用型,-,-
524,湖北经济学院,湖北,财经,61.19,60.08,62.49,60.16,应用型,-,-
524,南京晓庄学院,江苏,师范,61.19,60.1,62.46,60.16,应用型,-,-
524,陕西理工学院,陕西,理工,61.19,60.07,62.52,60,应用型,-,-
524,仲恺农业工程学院,广东,农林,61.19,60.13,62.48,60,应用型,-,-
531,广西财经学院,广西,财经,61.18,60.12,62.46,60,应用型,-,-
531,乐山师范学院,四川,师范,61.18,60.06,62.5,60,应用型,-,-
531,广东金融学院,广东,财经,61.18,60.08,62.47,60.16,应用型,-,-
531,厦门理工学院,福建,理工,61.18,60.07,62.46,60.16,应用型,-,-
531,中国劳动关系学院,北京,政法,61.18,60.07,62.46,60.16,应用型,-,-
531,合肥师范学院,安徽,师范,61.18,60.05,62.48,60.16,应用型,-,-
531,上海金融学院,上海,财经,61.18,60.05,62.49,60.16,应用型,-,-
531,湖北师范学院,湖北,师范,61.18,60.05,62.52,60,应用型,-,-
531,宝鸡文理学院,陕西,师范,61.18,60.08,62.5,60,应用型,-,-
531,河南科技学院,河南,师范,61.18,60.08,62.49,60,应用型,-,-
531,台州学院,浙江,综合,61.18,60.12,62.46,60,应用型,-,-
531,安阳师范学院,河南,师范,61.18,60.08,62.5,60,应用型,-,-
531,常熟理工学院,江苏,理工,61.18,60.12,62.46,60,应用型,-,-
544,合肥学院,安徽,理工,61.17,60.03,62.47,60.16,应用型,-,-
544,重庆科技学院,重庆,理工,61.17,60.09,62.46,60,应用型,-,-
544,邵阳学院,湖南,综合,61.17,60.01,62.54,60,应用型,-,-
547,嘉应学院,广东,综合,61.16,60.03,62.46,60.11,应用型,-,-
547,湖北工程学院,湖北,综合,61.16,60,62.46,60.28,应用型,-,-
547,中华女子学院,北京,语言,61.16,60.03,62.47,60.16,应用型,-,-
547,闽江学院,福建,理工,61.16,60.03,62.46,60.16,应用型,-,-
547,浙江万里学院,浙江,理工,61.16,60.02,62.48,60.16,应用型,-,-
547,金陵科技学院,江苏,理工,61.16,60.02,62.5,60,应用型,-,-
547,上海立信会计学院,上海,财经,61.16,60.06,62.46,60,应用型,-,-
547,湖北科技学院,湖北,综合,61.16,60.06,62.48,60,应用型,-,-
547,湘南学院,湖南,综合,61.16,60.02,62.51,60,应用型,-,-
547,河北科技师范学院,河北,师范,61.16,60.06,62.48,60,应用型,-,-
547,徐州工程学院,江苏,理工,61.16,60.04,62.48,60,应用型,-,-
547,遵义师范学院,贵州,师范,61.16,60.08,62.45,60,应用型,-,-
547,佛山科学技术学院,广东,综合,61.16,60.08,62.46,60,应用型,-,-
547,甘肃民族师范学院,甘肃,师范,61.16,60.07,62.46,60,应用型,-,-
561,黄冈师范学院,湖北,师范,61.15,60.04,62.47,60,应用型,-,-
561,湖南财政经济学院,湖南,财经,61.15,60.04,62.46,60,应用型,-,-
561,湖南工学院,湖南,理工,61.15,60.01,62.46,60.16,应用型,-,-
561,山东交通学院,山东,理工,61.15,60.01,62.46,60.16,应用型,-,-
561,上海商学院,上海,财经,61.15,60,62.46,60.16,应用型,-,-
561,滨州学院,山东,综合,61.15,60.02,62.48,60,应用型,-,-
561,西安文理学院,陕西,综合,61.15,60.03,62.48,60,应用型,-,-
561,丽水学院,浙江,师范,61.15,60.06,62.45,60,应用型,-,-
561,莆田学院,福建,综合,61.15,60.05,62.45,60,应用型,-,-
561,宜春学院,江西,综合,61.15,60.03,62.47,60,应用型,-,-
561,肇庆学院,广东,综合,61.15,60.05,62.46,60,应用型,-,-
561,南昌工程学院,江西,理工,61.15,60.04,62.46,60,应用型,-,-
561,浙江外国语学院,浙江,语言,61.15,60.07,62.45,60,应用型,-,-
561,许昌学院,河南,师范,61.15,60.04,62.46,60,应用型,-,-
561,怀化学院,湖南,综合,61.15,60,62.5,60,应用型,-,-
561,湖南人文科技学院,湖南,综合,61.15,60,62.49,60,应用型,-,-
561,陇东学院,甘肃,综合,61.15,60.06,62.46,60,应用型,-,-
561,贺州学院,广西,综合,61.15,60.05,62.45,60,应用型,-,-
561,红河学院,云南,综合,61.15,60.06,62.46,60,应用型,-,-
561,凯里学院,贵州,师范,61.15,60.06,62.45,60,应用型,-,-
561,铜陵学院,安徽,财经,61.15,60.03,62.47,60,应用型,-,-
561,钦州学院,广西,综合,61.15,60.06,62.45,60,应用型,-,-
561,成都工业学院,四川,理工,61.15,60,62.51,60,应用型,-,-
561,大庆师范学院,黑龙江,师范,61.15,60.04,62.47,60,应用型,-,-
561,山西大同大学,山西,综合,61.15,60.05,62.47,60,应用型,-,-
561,赤峰学院,内蒙古,综合,61.15,60.06,62.46,60,应用型,-,-
561,铜仁学院,贵州,综合,61.15,60.04,62.47,60,应用型,-,-
588,昆明学院,云南,综合,61.14,60.03,62.46,60,应用型,-,-
588,泰山学院,山东,综合,61.14,60.02,62.45,60,应用型,-,-
588,兰州城市学院,甘肃,综合,61.14,60.03,62.46,60,应用型,-,-
588,石家庄学院,河北,综合,61.14,60.01,62.46,60,应用型,-,-
588,渭南师范学院,陕西,师范,61.14,60.01,62.46,60,应用型,-,-
588,上海海关学院,上海,政法,61.14,60.03,62.46,60,应用型,-,-
588,贵阳学院,贵州,综合,61.14,60.03,62.46,60,应用型,-,-
588,枣庄学院,山东,综合,61.14,60.04,62.45,60,应用型,-,-
588,晋中学院,山西,师范,61.14,60.03,62.46,60,应用型,-,-
588,滁州学院,安徽,师范,61.14,60.02,62.46,60,应用型,-,-
588,黄山学院,安徽,综合,61.14,60.02,62.46,60,应用型,-,-
588,韩山师范学院,广东,师范,61.14,60.02,62.46,60,应用型,-,-
588,池州学院,安徽,综合,61.14,60.03,62.46,60,应用型,-,-
588,湖南城市学院,湖南,综合,61.14,60.02,62.47,60,应用型,-,-
588,周口师范学院,河南,师范,61.14,60.03,62.46,60,应用型,-,-
588,宁德师范学院,福建,师范,61.14,60.02,62.46,60,应用型,-,-
588,宿州学院,安徽,师范,61.14,60.02,62.47,60,应用型,-,-
588,湖北医药学院,湖北,医药,61.14,60.03,62.46,60,应用型,-,-
588,湖南第一师范学院,湖南,师范,61.14,60.03,62.46,60,应用型,-,-
588,防灾科技学院,河北,理工,61.14,60.03,62.46,60,应用型,-,-
588,吉林工商学院,吉林,财经,61.14,60.02,62.47,60,应用型,-,-
588,长治学院,山西,师范,61.14,60.02,62.46,60,应用型,-,-
588,兰州文理学院,甘肃,综合,61.14,60.02,62.45,60,应用型,-,-
588,黔南民族师范学院,贵州,师范,61.14,60.03,62.46,60,应用型,-,-
588,呼和浩特民族学院,内蒙古,综合,61.14,60.03,62.45,60,应用型,-,-
588,保山学院,云南,综合,61.14,60.04,62.45,60,应用型,-,-
588,安顺学院,贵州,师范,61.14,60.03,62.45,60,应用型,-,-
588,广西民族师范学院,广西,师范,61.14,60.03,62.45,60,应用型,-,-
588,河南牧业经济学院,河南,农林,61.14,60.01,62.47,60,应用型,-,-
617,浙江水利水电学院,浙江,理工,61.13,60,62.45,60,应用型,-,-
617,平顶山学院,河南,师范,61.13,60,62.45,60,应用型,-,-
617,湖北理工学院,湖北,理工,61.13,60.02,62.46,60,应用型,-,-
617,商洛学院,陕西,师范,61.13,60,62.45,60,应用型,-,-
617,菏泽学院,山东,综合,61.13,60,62.45,60,应用型,-,-
617,上海电机学院,上海,理工,61.13,60.01,62.46,60,应用型,-,-
617,山东政法学院,山东,政法,61.13,60.01,62.45,60,应用型,-,-
617,黄淮学院,河南,师范,61.13,60,62.46,60,应用型,-,-
617,内江师范学院,四川,师范,61.13,60.02,62.45,60,应用型,-,-
617,武夷学院,福建,师范,61.13,60,62.46,60,应用型,-,-
617,湖南女子学院,湖南,语言,61.13,60,62.46,60,应用型,-,-
617,济宁学院,山东,综合,61.13,60.01,62.45,60,应用型,-,-
617,毕节学院,贵州,综合,61.13,60.01,62.45,60,应用型,-,-
617,三明学院,福建,综合,61.13,60,62.46,60,应用型,-,-
617,邯郸学院,河北,师范,61.13,60,62.46,60,应用型,-,-
617,龙岩学院,福建,师范,61.13,60,62.46,60,应用型,-,-
617,邢台学院,河北,师范,61.13,60,62.46,60,应用型,-,-
617,西昌学院,四川,综合,61.13,60,62.47,60,应用型,-,-
617,榆林学院,陕西,师范,61.13,60.01,62.45,60,应用型,-,-
617,辽东学院,辽宁,财经,61.13,60.02,62.45,60,应用型,-,-
617,武汉商学院,湖北,财经,61.13,60,62.45,60,应用型,-,-
617,河北金融学院,河北,财经,61.13,60,62.46,60,应用型,-,-
617,沈阳工程学院,辽宁,理工,61.13,60,62.46,60,应用型,-,-
617,衡水学院,河北,师范,61.13,60,62.45,60,应用型,-,-
617,西安航空学院,陕西,理工,61.13,60,62.46,60,应用型,-,-
617,河池学院,广西,综合,61.13,60,62.46,60,应用型,-,-
617,巢湖学院,安徽,师范,61.13,60.01,62.46,60,应用型,-,-
617,绥化学院,黑龙江,综合,61.13,60.01,62.46,60,应用型,-,-
617,沧州师范学院,河北,师范,61.13,60.01,62.45,60,应用型,-,-
617,新乡学院,河南,师范,61.13,60.01,62.45,60,应用型,-,-
617,四川民族学院,四川,民族,61.13,60,62.45,60,应用型,-,-
617,兰州工业学院,甘肃,理工,61.13,60,62.46,60,应用型,-,-
617,白城师范学院,吉林,师范,61.13,60,62.46,60,应用型,-,-
617,辽宁科技学院,辽宁,理工,61.13,60,62.45,60,应用型,-,-
617,保定学院,河北,师范,61.13,60,62.45,60,应用型,-,-
617,吉林农业科技学院,吉林,农林,61.13,60,62.46,60,应用型,-,-
617,新余学院,江西,综合,61.13,60,62.45,60,应用型,-,-
617,吕梁学院,山西,综合,61.13,60,62.45,60,应用型,-,-
617,普洱学院,云南,师范,61.13,60,62.45,60,应用型,-,-
617,集宁师范学院,内蒙古,师范,61.13,60.02,62.45,60,应用型,-,-
617,蚌埠学院,安徽,理工,61.13,60,62.45,60,应用型,-,-
617,六盘水师范学院,贵州,师范,61.13,60.01,62.45,60,应用型,-,-
617,广东石油化工学院,广东,综合,61.13,60.02,62.46,60,应用型,-,-
617,重庆第二师范学院,重庆,师范,61.13,60.02,62.45,60,应用型,-,-
617,南昌师范学院,江西,师范,61.13,60,62.46,60,应用型,-,-
617,哈尔滨金融学院,黑龙江,财经,61.13,60,62.45,60,应用型,-,-
617,萍乡学院,江西,综合,61.13,60,62.45,60,应用型,-,-
617,昭通学院,云南,师范,61.13,60,62.45,60,应用型,-,-
617,文山学院,云南,师范,61.13,60,62.47,60,应用型,-,-
617,景德镇学院,江西,综合,61.13,60,62.45,60,应用型,-,-
617,陕西学前师范学院,陕西,师范,61.13,60,62.45,60,应用型,-,-
617,四川旅游学院,四川,综合,61.13,60,62.46,60,应用型,-,-
617,成都师范学院,四川,师范,61.13,60.01,62.45,60,应用型,-,-
617,广州航海学院,广东,理工,61.13,60,62.45,60,应用型,-,-
617,广东第二师范学院,广东,师范,61.13,60.01,62.45,60,应用型,-,-
617,山东青年政治学院,山东,政法,61.13,60,62.45,60,应用型,-,-
617,河北民族师范学院,河北,师范,61.13,60,62.45,60,应用型,-,-
617,信阳农林学院,河南,农林,61.13,60,62.46,60,应用型,-,-
617,桂林航天工业学院,广西,理工,61.13,60,62.45,60,应用型,-,-
617,新疆工程学院,新疆,理工,61.13,60,62.45,60,应用型,-,-
617,右江民族医学院,广西,医药,61.13,60.01,62.45,60,应用型,-,-
617,兴义民族师范学院,贵州,师范,61.13,60.01,62.45,60,应用型,-,-
679,贵州理工学院,贵州,理工,60.17,60,60,61.64,应用型,-,-
680,西藏藏医学院,西藏,医药,60.12,60.25,60.03,60,应用型,-,-
681,湖南理工学院,湖南,理工,60.07,60.07,60.09,60,应用型,-,-
682,河北中医学院,河北,医药,60.04,60,60.09,60,应用型,-,-
683,琼州学院,海南,综合,60.03,60.04,60,60.16,应用型,-,-
683,成都医学院,四川,医药,60.03,60.07,60.01,60,应用型,-,-
683,安康学院,陕西,综合,60.03,60.01,60.05,60,应用型,-,-
683,吉林医药学院,吉林,医药,60.03,60.03,60.03,60,应用型,-,-
687,百色学院,广西,综合,60.02,60.06,60,60,应用型,-,-
687,张家口学院,河北,综合,60.02,60,60,60.16,应用型,-,-
687,郑州师范学院,河南,师范,60.02,60,60,60.16,应用型,-,-
687,洛阳理工学院,河南,理工,60.02,60.06,60,60,应用型,-,-
687,齐鲁师范学院,山东,师范,60.02,60.03,60.02,60,应用型,-,-
687,四川文理学院,四川,综合,60.02,60.01,60.03,60,应用型,-,-
687,湖北第二师范学院,湖北,师范,60.02,60.01,60.04,60,应用型,-,-
687,江苏第二师范学院,江苏,师范,60.02,60.04,60,60,应用型,-,-
695,河南工程学院,河南,理工,60.01,60.01,60,60,应用型,-,-
695,福建江夏学院,福建,综合,60.01,60.02,60,60,应用型,-,-
695,太原工业学院,山西,理工,60.01,60.01,60,60,应用型,-,-
695,黑河学院,黑龙江,综合,60.01,60.01,60.01,60,应用型,-,-
695,衢州学院,浙江,理工,60.01,60.02,60,60,应用型,-,-
695,宁夏师范学院,宁夏,师范,60.01,60.01,60.01,60,应用型,-,-
695,梧州学院,广西,综合,60.01,60.01,60.01,60,应用型,-,-
702,山东女子学院,山东,综合,60,60.01,60,60,应用型,-,-
702,泰州学院,江苏,综合,60,60,60,60,应用型,-,-
702,荆楚理工学院,湖北,理工,60,60,60,60,应用型,-,-
702,长沙师范学院,湖南,师范,60,60,60,60,应用型,-,-
702,山东管理学院,山东,综合,60,60,60,60,应用型,-,-
702,山东农业工程学院,山东,农林,60,60,60,60,应用型,-,-
702,营口理工学院,辽宁,理工,60,60,60,60,应用型,-, 
